{"mdsDat": {"x": [0.1933057607618969, -0.1933057607618969], "y": [0.0, 0.0], "topics": [1, 2], "cluster": [1, 1], "Freq": [86.23704399264271, 13.762956007357282]}, "tinfo": {"Term": ["death", "covid", "people", "study", "case", "patient", "increase", "care", "high", "rate", "number", "health", "test", "use", "die", "research", "vaccine", "year", "cause", "child", "day", "virus", "new", "risk", "show", "find", "evidence", "trump", "mask", "many", "trump", "vote", "man", "election", "want", "s", "try", "right", "tell", "pay", "campaign", "voter", "law", "money", "president", "bill", "government", "political", "biden", "party", "win", "go", "poll", "woman", "republican", "candidate", "police", "power", "run", "ask", "say", "state", "think", "thing", "support", "re", "believe", "call", "help", "talk", "part", "let", "make", "know", "get", "article", "give", "m", "come", "time", "look", "take", "people", "see", "work", "year", "good", "use", "covid", "death", "patient", "vaccine", "study", "test", "virus", "mask", "hospital", "disease", "infection", "vitamin", "medical", "science", "lockdown", "climate", "doctor", "rate", "dose", "scientific", "temperature", "warm", "coronavirus", "elderly", "decrease", "symptom", "scientist", "clinical", "cell", "testing", "health", "pandemic", "estimate", "cancer", "suicide", "risk", "increase", "die", "positive", "research", "treatment", "cause", "human", "case", "high", "care", "number", "people", "child", "use", "year", "day", "new", "evidence", "find"], "Freq": [3989.0, 3899.0, 19045.0, 3509.0, 5348.0, 2545.0, 2812.0, 4161.0, 4031.0, 2268.0, 4074.0, 2189.0, 1984.0, 8056.0, 2283.0, 2397.0, 1870.0, 10020.0, 2493.0, 3498.0, 5197.0, 1750.0, 3705.0, 1822.0, 5110.0, 6359.0, 3267.0, 22170.0, 1431.0, 5296.0, 22169.5262564889, 8846.375645273842, 11572.405095851826, 6157.661718330454, 7536.609762187166, 12131.937705968488, 5522.938371621472, 4680.923512182917, 5353.009230595764, 4147.631210457873, 3516.5110192357783, 3466.5481752372443, 4008.0857371536604, 3770.944541775324, 3025.8678731023897, 3072.513417753515, 4071.816523916438, 2855.7013823452075, 2848.619861361256, 2806.811276216001, 2745.955426943019, 14587.001240571119, 2681.982315432562, 9675.409858262685, 2524.538184867085, 2423.0944950502912, 2636.2979853708216, 3057.4975750910394, 3096.5626460912626, 3155.744402411068, 21579.209075261508, 8930.696365772757, 8670.774156604411, 7343.654587823324, 6077.641484756574, 5254.391142691395, 3664.722556185418, 5151.943950647468, 3740.349021280408, 3232.4738700573025, 3469.8068108518955, 3285.1650958599107, 11983.743581575569, 9414.024165160532, 14662.566761717591, 6410.3821769565475, 5859.147064701415, 4303.678397931292, 5832.441592294575, 9484.404061082061, 5923.0909479916645, 8137.825545582236, 16372.121630406768, 8184.0791004148305, 5852.72348961065, 8666.679718267224, 5585.671253050348, 6708.470222945959, 3898.989085443507, 3988.6988168149896, 2544.849591449117, 1869.473679360989, 3508.9515735644877, 1983.9271628134916, 1750.0196776628738, 1430.321306999924, 1214.0961349914473, 1058.7704813485743, 1050.1904797144605, 951.1197961841876, 1158.5309394463093, 903.4835344799907, 895.7000322456953, 843.7013516655362, 1015.2903347216494, 2266.191781986052, 493.232054841323, 533.0324443764383, 417.21085840773304, 462.3199316606866, 512.8013066887077, 517.152543607653, 546.4765642301863, 454.0042939866969, 427.37227989191024, 369.4297275030126, 395.3321023610907, 409.75414721312063, 2185.9501907636995, 1144.455965337073, 629.1712717092234, 462.7892099455523, 470.78239041527087, 1596.246463413417, 2320.9264691023377, 1745.401463249472, 872.7000038050486, 1596.2207912280765, 924.8033580893539, 1424.3857389521654, 1154.4626920549454, 2258.60922415093, 1688.6423787551462, 1691.7098079107855, 1527.752543601413, 2673.0535737610876, 1224.4473189177809, 1347.6859829908435, 1354.2273616802981, 1171.7361028635692, 1137.3259790167172, 1117.8460835773285, 1125.190975201772], "Total": [3989.0, 3899.0, 19045.0, 3509.0, 5348.0, 2545.0, 2812.0, 4161.0, 4031.0, 2268.0, 4074.0, 2189.0, 1984.0, 8056.0, 2283.0, 2397.0, 1870.0, 10020.0, 2493.0, 3498.0, 5197.0, 1750.0, 3705.0, 1822.0, 5110.0, 6359.0, 3267.0, 22170.0, 1431.0, 5296.0, 22170.105646384258, 8846.92474387466, 11573.323692884156, 6158.209095337901, 7537.3567777312255, 12133.341067290748, 5523.736548030538, 4681.608205000116, 5353.848928329703, 4148.2910440069445, 3517.083947599125, 3467.1141781998363, 4008.7647641685585, 3771.6094835020604, 3026.430047580935, 3073.128868581493, 4072.634912053978, 2856.2768416653334, 2849.19489306147, 2807.3822827451004, 2746.521094684683, 14590.023627096, 2682.5670617551614, 9677.556153161591, 2525.09929223429, 2423.6435418301426, 2636.897938498479, 3058.214865752793, 3097.293034147428, 3156.507099871883, 21751.085431304684, 8933.531352943337, 8674.058035096388, 7345.631457748703, 6081.076987525548, 5256.130105910279, 3666.4428009209437, 5172.343187803304, 3743.5770830324304, 3233.3182632103685, 3473.3042470443193, 3286.789866340881, 12290.521664063484, 9718.788932979285, 15369.99624983533, 6575.765273116425, 5990.1776174765355, 4350.335870351329, 5995.194530058786, 10256.548960021488, 6158.401074010928, 8727.039450282839, 19045.175204167856, 9034.447214252348, 6170.936744201277, 10020.907079947521, 5845.066983656862, 8056.1562059368025, 3899.612102222825, 3989.439262175569, 2545.4605955461266, 1870.0306625473715, 3509.9972807351082, 1984.607426035031, 1750.629788570786, 1431.0420777058596, 1214.735028714318, 1059.356054076123, 1050.810969966536, 951.6945961372346, 1159.2760499473598, 904.1101024564841, 896.402714468027, 844.4084186067406, 1016.1942844979343, 2268.564741636283, 493.7820506158253, 533.727976531229, 417.75647877532344, 462.9261312920747, 513.4912575376795, 517.8611284490553, 547.2447226942422, 454.64511204648386, 427.9889477359557, 369.99763695942227, 395.9438588037923, 410.38997765519, 2189.960718618411, 1146.4664000342423, 632.3712668710191, 464.1206326652889, 473.73395339778983, 1822.628020227775, 2812.3695563831143, 2283.4454236816946, 1053.2215502979075, 2397.454613660169, 1152.5261740904264, 2493.6142525770038, 1814.113253815788, 5348.226333034527, 4031.197994792126, 4161.172490458741, 4074.458156926487, 19045.175204167856, 3498.5506505205503, 8056.1562059368025, 10020.907079947521, 5197.758431777062, 3705.299164743597, 3267.811359772208, 6359.649715465532], "Category": ["Default", "Default", "Default", "Default", "Default", "Default", "Default", "Default", "Default", "Default", "Default", "Default", "Default", "Default", "Default", "Default", "Default", "Default", "Default", "Default", "Default", "Default", "Default", "Default", "Default", "Default", "Default", "Default", "Default", "Default", "Topic1", "Topic1", "Topic1", "Topic1", "Topic1", "Topic1", "Topic1", "Topic1", "Topic1", "Topic1", "Topic1", "Topic1", "Topic1", "Topic1", "Topic1", "Topic1", "Topic1", "Topic1", "Topic1", "Topic1", "Topic1", "Topic1", "Topic1", "Topic1", "Topic1", "Topic1", "Topic1", "Topic1", "Topic1", "Topic1", "Topic1", "Topic1", "Topic1", "Topic1", "Topic1", "Topic1", "Topic1", "Topic1", "Topic1", "Topic1", "Topic1", "Topic1", "Topic1", "Topic1", "Topic1", "Topic1", "Topic1", "Topic1", "Topic1", "Topic1", "Topic1", "Topic1", "Topic1", "Topic1", "Topic1", "Topic1", "Topic1", "Topic1", "Topic2", "Topic2", "Topic2", "Topic2", "Topic2", "Topic2", "Topic2", "Topic2", "Topic2", "Topic2", "Topic2", "Topic2", "Topic2", "Topic2", "Topic2", "Topic2", "Topic2", "Topic2", "Topic2", "Topic2", "Topic2", "Topic2", "Topic2", "Topic2", "Topic2", "Topic2", "Topic2", "Topic2", "Topic2", "Topic2", "Topic2", "Topic2", "Topic2", "Topic2", "Topic2", "Topic2", "Topic2", "Topic2", "Topic2", "Topic2", "Topic2", "Topic2", "Topic2", "Topic2", "Topic2", "Topic2", "Topic2", "Topic2", "Topic2", "Topic2", "Topic2", "Topic2", "Topic2", "Topic2", "Topic2"],